{
  "hash": "5ae9db6b",
  "configHash": "f7f693e9",
  "lockfileHash": "a7a66d7b",
  "browserHash": "d5ac7821",
  "optimized": {
    "@angular/common": {
      "src": "../../../../../node_modules/@angular/common/fesm2022/common.mjs",
      "file": "@angular_common.js",
      "fileHash": "141305ed",
      "needsInterop": false
    },
    "@angular/common/http": {
      "src": "../../../../../node_modules/@angular/common/fesm2022/http.mjs",
      "file": "@angular_common_http.js",
      "fileHash": "6f0d415c",
      "needsInterop": false
    },
    "@angular/core": {
      "src": "../../../../../node_modules/@angular/core/fesm2022/core.mjs",
      "file": "@angular_core.js",
      "fileHash": "9cf3a3b0",
      "needsInterop": false
    },
    "@angular/forms": {
      "src": "../../../../../node_modules/@angular/forms/fesm2022/forms.mjs",
      "file": "@angular_forms.js",
      "fileHash": "47aae450",
      "needsInterop": false
    },
    "@angular/platform-browser": {
      "src": "../../../../../node_modules/@angular/platform-browser/fesm2022/platform-browser.mjs",
      "file": "@angular_platform-browser.js",
      "fileHash": "9c073c27",
      "needsInterop": false
    },
    "@angular/router": {
      "src": "../../../../../node_modules/@angular/router/fesm2022/router.mjs",
      "file": "@angular_router.js",
      "fileHash": "a088d890",
      "needsInterop": false
    },
    "ng-angular-popup": {
      "src": "../../../../../node_modules/ng-angular-popup/fesm2022/ng-angular-popup.mjs",
      "file": "ng-angular-popup.js",
      "fileHash": "97a28872",
      "needsInterop": false
    },
    "rxjs": {
      "src": "../../../../../node_modules/rxjs/dist/esm5/index.js",
      "file": "rxjs.js",
      "fileHash": "81067fd7",
      "needsInterop": false
    }
  },
  "chunks": {
    "chunk-UHXFCMGA": {
      "file": "chunk-UHXFCMGA.js"
    },
    "chunk-OXZZUK4X": {
      "file": "chunk-OXZZUK4X.js"
    },
    "chunk-ISOSFC42": {
      "file": "chunk-ISOSFC42.js"
    },
    "chunk-W3EUJSHM": {
      "file": "chunk-W3EUJSHM.js"
    },
    "chunk-SXIXOCJ4": {
      "file": "chunk-SXIXOCJ4.js"
    }
  }
}